{"cameraMode":{"drawMode":0,"name":"Shaded","section":"Shading Mode"},"sceneLighting":true,"audioPlay":false,"sceneViewState":{"m_AlwaysRefresh":true,"showFog":true,"showSkybox":true,"showFlares":true,"showImageEffects":true,"showParticleSystems":true,"showVisualEffectGraphs":true,"m_FxEnabled":true},"in2DMode":false,"pivot":{"x":0.7055916786193848,"y":13.24609661102295,"z":0.5509480834007263},"rotation":{"x":-0.0005572524387389422,"y":0.9980489611625671,"z":-0.061766915023326877,"w":-0.008995883166790009},"size":4.5819220542907719,"orthographic":false}